Comment,Designator,Footprint,LCSC Part #,Manufacturer Part
AG9912-MTB,U80,chorus-main:Silvertel_Ag9912-MTB,C20939164,AG9912-MTB
RVT1E101M0605,C500,Capacitor_SMD:CP_Elec_6.3x5.4,C22383797,RVT1E101M0605
100nF,"C303,C306,C307,C308,C309,C310,C311,C313,C314,C317",Capacitor_SMD:C_0402_1005Metric,C1525,
10nF,C504,Capacitor_SMD:C_0402_1005Metric,C15195,
18pF,"C300,C301",Capacitor_SMD:C_0402_1005Metric,,
1uF,"C302,C304,C305,C502,C503",Capacitor_SMD:C_0402_1005Metric,C52923,
6n8,"C315,C316",Capacitor_SMD:C_0402_1005Metric,,
4u7,C312,Capacitor_SMD:C_0603_1608Metric,,
10uF 25V,C501,Capacitor_SMD:C_0805_2012Metric,C15850,
CL31B102KJHNNNE,C318,Capacitor_SMD:C_1206_3216Metric,C16196254,CL31B102KJHNNNE
GZ1608D601TF,FB60,Inductor_SMD:L_0603_1608Metric,C1002,GZ1608D601TF
FX23L-80S-0.5SV(20),J1,chorus-main:Hirose_FX23L-80S-0.5SV,C2911203,FX23L-80S-0.5SV(20)
BX-PH2.0-2PZZ,J2,Connector_JST:JST_PH_B2B-PH-K_1x02_P2.00mm_Vertical,C18077744,BX-PH2.0-2PZZ
LPJG0926HENL,J60,chorus-main:LINK-PP_LPJG0926HENL,C22457393,LPJG0926HENL
MB6S,"BR1,BR2",Package_TO_SOT_SMD:TO-269AA,C7528221,MB6S
100k,R500,Resistor_SMD:R_0402_1005Metric,C25741,
10k,"R306,R307,R308",Resistor_SMD:R_0402_1005Metric,C25744,
12k4,R301,Resistor_SMD:R_0402_1005Metric,,
1M,R300,Resistor_SMD:R_0402_1005Metric,C26083,
330R,"R309,R310",Resistor_SMD:R_0402_1005Metric,C25104,
33k,R501,Resistor_SMD:R_0402_1005Metric,C25779,
49R9,"R302,R303,R304,R305",Resistor_SMD:R_0402_1005Metric,,
SMAJ58A,D1,Diode_SMD:D_SMA,C19077554,SMAJ58A
SPX3819M5-L-3-3/TR,U81,Package_TO_SOT_SMD:SOT-23-5,C20617301,SPX3819M5-L-3-3/TR
SS32,D2,Diode_SMD:D_SMA,C34897,SS32
W5500,U60,Package_QFP:LQFP-48_7x7mm_P0.5mm,C32843,W5500
XL2EL89CRI-111YLC-25M,Y60,Crystal:Crystal_SMD_3225-4Pin_3.2x2.5mm,C19078191,XL2EL89CRI-111YLC-25M
